No,회사이름,공고제목,군무지역,"자세히보기,"
1,신도네트 풍납점,사무직사원 채용합니다.스크랩,서울 강동구 성내동,https://job.incruit.com/jobdb_info/jobpost.asp?job=2502030006045&src=etc*search
2,(주)영재조경,건설회사사무직스크랩,경기 성남시 중원구,https://job.incruit.com/jobdb_info/jobpost.asp?job=2501310003309&src=etc*search
3,(주)럭키포멕스,사무직직원스크랩,경기 김포시,https://job.incruit.com/jobdb_info/jobpost.asp?job=2502040006158&src=etc*search
4,디이피건설(주),건설회사사무직스크랩,광주 서구,https://job.incruit.com/jobdb_info/jobpost.asp?job=2502050001811&src=etc*search
5,케이이앤씨(주),사무직사원 모집스크랩,경기 고양시 일산서구,https://job.incruit.com/jobdb_info/jobpost.asp?job=2502050003604&src=etc*search
6,주)인터다임,사무직직원모집스크랩,전북 익산시,https://job.incruit.com/jobdb_info/jobpost.asp?job=2502050006179&src=etc*search
7,(주)태광산업,플라스틱 제조업사무직경력자 모집스크랩,경북 칠곡군,https://job.incruit.com/jobdb_info/jobpost.asp?job=2502030006389&src=etc*search
8,(주)에너클,경리 및 국책과제사무직모집스크랩,서울 송파구,https://job.incruit.com/jobdb_info/jobpost.asp?job=2403190005990&src=etc*search
9,대양산업,사무직사원 모집스크랩,경남 진주시,https://job.incruit.com/jobdb_info/jobpost.asp?job=2502050001582&src=etc*search
10,주)세인,일반사무직사원모집스크랩,경기 안산시 상록구,https://job.incruit.com/jobdb_info/jobpost.asp?job=2502050002292&src=etc*search
11,동남철강(주),철강회사사무직모집 합니다. (사무직경력1년이상)스크랩,부산 사상구,https://job.incruit.com/jobdb_info/jobpost.asp?job=2502050004293&src=etc*search
12,(주)인스타하우스,사무직직원 구합니다스크랩,경남 김해시,https://job.incruit.com/jobdb_info/jobpost.asp?job=2502040001569&src=etc*search
13,영어조합법인 서풍,사무직모집스크랩,전남 여수시,https://job.incruit.com/jobdb_info/jobpost.asp?job=2502050005779&src=etc*search
14,범우유통,사무직경리 모집스크랩,경남 창원시 의창구,https://job.incruit.com/jobdb_info/jobpost.asp?job=2502040006660&src=etc*search
15,(주)땅스푸드,(주)땅스푸드사무직채용스크랩,충북 음성군,https://job.incruit.com/jobdb_info/jobpost.asp?job=2502030002056&src=etc*search
16,(주)동원푸드,(주)동원푸드에서사무직직원을 모집합니다스크랩,경남 양산시,https://job.incruit.com/jobdb_info/jobpost.asp?job=2502030002878&src=etc*search
17,아람테크,사무직총무 회계 유경력자 구함스크랩,제주 제주시,https://job.incruit.com/jobdb_info/jobpost.asp?job=2501310000345&src=etc*search
18,한려앤에스푸드,경리사무직및 단순 업무 채용스크랩,경남 통영시,https://job.incruit.com/jobdb_info/jobpost.asp?job=2501310004182&src=etc*search
19,(주)미가원,사무직담당 정규직 모집합니다.스크랩,경남 양산시,https://job.incruit.com/jobdb_info/jobpost.asp?job=2502030004984&src=etc*search
20,에스케이증권 (주) 진주지점,금융사무직스크랩,경남 진주시,https://job.incruit.com/jobdb_info/jobpost.asp?job=2502030001291&src=etc*search
21,(주)한밭토건,철거회사 서류사무직직원  구합니다스크랩,경기 부천시 오정구,https://job.incruit.com/jobdb_info/jobpost.asp?job=2501230001233&src=etc*search
22,(주)에스피건설,<건설>사무직직원 구합니다.스크랩,광주 광산구,https://job.incruit.com/jobdb_info/jobpost.asp?job=2501230001369&src=etc*search
23,(주)피플케어코리아,[글로벌 외국기업]식품시험사무직경력 채용스크랩,경기 군포시,https://job.incruit.com/jobdb_info/jobpost.asp?job=2501230003556&src=etc*search
24,(주)중앙바이오텍,해외영업사무직채용스크랩,경기 안양시 동안구,https://job.incruit.com/jobdb_info/jobpost.asp?job=2502050002092&src=etc*search
25,경일기업,현장 관리사무직모집스크랩,경기 화성시,https://job.incruit.com/jobdb_info/jobpost.asp?job=2502050002630&src=etc*search
26,주식회사조은사람,[채용대행]사무직직원 구합니다스크랩,경기 고양시 일산서구,https://job.incruit.com/jobdb_info/jobpost.asp?job=2501230001502&src=etc*search
27,(주)커널시스텍,사무직사원 모집합니다스크랩,경기 화성시,https://job.incruit.com/jobdb_info/jobpost.asp?job=2412200003898&src=etc*search
28,(주)영남로직스,사무직사무원 및 사무보조업무스크랩,경남 김해시,https://job.incruit.com/jobdb_info/jobpost.asp?job=2502030004534&src=etc*search
29,주식회사 데일리워크,[서울역/평일근무/사무직] 유명기업 렌탈 접수사무직채용스크랩,서울 용산구 외,https://job.incruit.com/jobdb_info/jobpost.asp?job=2501090000821&src=etc*search
30,에이엘에스인스펙션사우쓰코리아(유),울산 Coordinator (사무직) 신입 / 경력 채용 - ALS South Korea스크랩,울산 울주군,https://job.incruit.com/jobdb_info/jobpost.asp?job=2501220000894&src=etc*search
31,신도네트 풍납점,사무직사원 채용합니다.스크랩,서울 강동구 성내동,https://job.incruit.com/jobdb_info/jobpost.asp?job=2502030006045&src=etc*search
32,(주)영재조경,건설회사사무직스크랩,경기 성남시 중원구,https://job.incruit.com/jobdb_info/jobpost.asp?job=2501310003309&src=etc*search
33,(주)럭키포멕스,사무직직원스크랩,경기 김포시,https://job.incruit.com/jobdb_info/jobpost.asp?job=2502040006158&src=etc*search
34,디이피건설(주),건설회사사무직스크랩,광주 서구,https://job.incruit.com/jobdb_info/jobpost.asp?job=2502050001811&src=etc*search
35,케이이앤씨(주),사무직사원 모집스크랩,경기 고양시 일산서구,https://job.incruit.com/jobdb_info/jobpost.asp?job=2502050003604&src=etc*search
36,주)인터다임,사무직직원모집스크랩,전북 익산시,https://job.incruit.com/jobdb_info/jobpost.asp?job=2502050006179&src=etc*search
37,(주)태광산업,플라스틱 제조업사무직경력자 모집스크랩,경북 칠곡군,https://job.incruit.com/jobdb_info/jobpost.asp?job=2502030006389&src=etc*search
38,(주)에너클,경리 및 국책과제사무직모집스크랩,서울 송파구,https://job.incruit.com/jobdb_info/jobpost.asp?job=2403190005990&src=etc*search
39,대양산업,사무직사원 모집스크랩,경남 진주시,https://job.incruit.com/jobdb_info/jobpost.asp?job=2502050001582&src=etc*search
40,주)세인,일반사무직사원모집스크랩,경기 안산시 상록구,https://job.incruit.com/jobdb_info/jobpost.asp?job=2502050002292&src=etc*search
41,동남철강(주),철강회사사무직모집 합니다. (사무직경력1년이상)스크랩,부산 사상구,https://job.incruit.com/jobdb_info/jobpost.asp?job=2502050004293&src=etc*search
42,(주)인스타하우스,사무직직원 구합니다스크랩,경남 김해시,https://job.incruit.com/jobdb_info/jobpost.asp?job=2502040001569&src=etc*search
43,영어조합법인 서풍,사무직모집스크랩,전남 여수시,https://job.incruit.com/jobdb_info/jobpost.asp?job=2502050005779&src=etc*search
44,범우유통,사무직경리 모집스크랩,경남 창원시 의창구,https://job.incruit.com/jobdb_info/jobpost.asp?job=2502040006660&src=etc*search
45,(주)땅스푸드,(주)땅스푸드사무직채용스크랩,충북 음성군,https://job.incruit.com/jobdb_info/jobpost.asp?job=2502030002056&src=etc*search
46,(주)동원푸드,(주)동원푸드에서사무직직원을 모집합니다스크랩,경남 양산시,https://job.incruit.com/jobdb_info/jobpost.asp?job=2502030002878&src=etc*search
47,아람테크,사무직총무 회계 유경력자 구함스크랩,제주 제주시,https://job.incruit.com/jobdb_info/jobpost.asp?job=2501310000345&src=etc*search
48,한려앤에스푸드,경리사무직및 단순 업무 채용스크랩,경남 통영시,https://job.incruit.com/jobdb_info/jobpost.asp?job=2501310004182&src=etc*search
49,(주)미가원,사무직담당 정규직 모집합니다.스크랩,경남 양산시,https://job.incruit.com/jobdb_info/jobpost.asp?job=2502030004984&src=etc*search
50,에스케이증권 (주) 진주지점,금융사무직스크랩,경남 진주시,https://job.incruit.com/jobdb_info/jobpost.asp?job=2502030001291&src=etc*search
51,(주)한밭토건,철거회사 서류사무직직원  구합니다스크랩,경기 부천시 오정구,https://job.incruit.com/jobdb_info/jobpost.asp?job=2501230001233&src=etc*search
52,(주)에스피건설,<건설>사무직직원 구합니다.스크랩,광주 광산구,https://job.incruit.com/jobdb_info/jobpost.asp?job=2501230001369&src=etc*search
53,(주)피플케어코리아,[글로벌 외국기업]식품시험사무직경력 채용스크랩,경기 군포시,https://job.incruit.com/jobdb_info/jobpost.asp?job=2501230003556&src=etc*search
54,(주)중앙바이오텍,해외영업사무직채용스크랩,경기 안양시 동안구,https://job.incruit.com/jobdb_info/jobpost.asp?job=2502050002092&src=etc*search
55,경일기업,현장 관리사무직모집스크랩,경기 화성시,https://job.incruit.com/jobdb_info/jobpost.asp?job=2502050002630&src=etc*search
56,주식회사조은사람,[채용대행]사무직직원 구합니다스크랩,경기 고양시 일산서구,https://job.incruit.com/jobdb_info/jobpost.asp?job=2501230001502&src=etc*search
57,(주)커널시스텍,사무직사원 모집합니다스크랩,경기 화성시,https://job.incruit.com/jobdb_info/jobpost.asp?job=2412200003898&src=etc*search
58,(주)영남로직스,사무직사무원 및 사무보조업무스크랩,경남 김해시,https://job.incruit.com/jobdb_info/jobpost.asp?job=2502030004534&src=etc*search
59,주식회사 데일리워크,[서울역/평일근무/사무직] 유명기업 렌탈 접수사무직채용스크랩,서울 용산구 외,https://job.incruit.com/jobdb_info/jobpost.asp?job=2501090000821&src=etc*search
60,에이엘에스인스펙션사우쓰코리아(유),울산 Coordinator (사무직) 신입 / 경력 채용 - ALS South Korea스크랩,울산 울주군,https://job.incruit.com/jobdb_info/jobpost.asp?job=2501220000894&src=etc*search
